Unnamed: 0,sentence,question,set_id,sent_type,quest_type,correct_answer,incorrect_answer,noun_subj_gp,verb_gp,noun_subj_no_gp,verb_no_gp
0,While the secretary typed the memo neared completion.,Did the memo near completion?,set_10,GP_prob,simple_question,Yes,No,secretary,typed,memo,neared
1,While the secretary typed the memo neared completion.,Did the secretary type the memo?,set_10,GP_prob,GP_question,No,Yes,secretary,typed,memo,neared
2,While the secretary typed the drawing neared completion.,Did the drawing near completion?,set_10,GP_improb,simple_question,Yes,No,secretary,typed,drawing,neared
3,While the secretary typed the drawing neared completion.,Did the secretary type the drawing?,set_10,GP_improb,GP_question,No,Yes,secretary,typed,drawing,neared
4,The memo neared completion while the secretary typed.,Did the memo near completion?,set_10,nonGP_prob,simple_question,Yes,No,secretary,typed,memo,neared
5,The memo neared completion while the secretary typed.,Did the secretary type the memo?,set_10,nonGP_prob,GP_question,No,Yes,secretary,typed,memo,neared
6,The drawing neared completion while the secretary typed.,Did the drawing near completion?,set_10,nonGP_improb,simple_question,Yes,No,secretary,typed,drawing,neared
7,The drawing neared completion while the secretary typed.,Did the secretary type the drawing?,set_10,nonGP_improb,GP_question,No,Yes,secretary,typed,drawing,neared
8,While the explorer paddled the canoe headed toward a waterfall.,Did the canoe head toward a waterfall?,set_11,GP_prob,simple_question,Yes,No,explorer,paddled,canoe,headed
9,While the explorer paddled the canoe headed toward a waterfall.,Did the explorer paddle the canoe?,set_11,GP_prob,GP_question,No,Yes,explorer,paddled,canoe,headed
10,While the explorer paddled the yacht headed toward a waterfall.,Did the yacht head toward a waterfall?,set_11,GP_improb,simple_question,Yes,No,explorer,paddled,yacht,headed
11,While the explorer paddled the yacht headed toward a waterfall.,Did the explorer paddle the yacht?,set_11,GP_improb,GP_question,No,Yes,explorer,paddled,yacht,headed
12,The canoe headed toward a waterfall while the explorer paddled.,Did the canoe head toward a waterfall?,set_11,nonGP_prob,simple_question,Yes,No,explorer,paddled,canoe,headed
13,The canoe headed toward a waterfall while the explorer paddled.,Did the explorer paddle the canoe?,set_11,nonGP_prob,GP_question,No,Yes,explorer,paddled,canoe,headed
14,The yacht headed toward a waterfall while the explorer paddled.,Did the yacht head toward a waterfall?,set_11,nonGP_improb,simple_question,Yes,No,explorer,paddled,yacht,headed
15,The yacht headed toward a waterfall while the explorer paddled.,Did the explorer paddle the yacht?,set_11,nonGP_improb,GP_question,No,Yes,explorer,paddled,yacht,headed
16,While the cowboy rode the horse sweated profusely.,Did the horse sweat profusely?,set_12,GP_prob,simple_question,Yes,No,cowboy,rode,horse,sweated
17,While the cowboy rode the horse sweated profusely.,Did the cowboy ride the horse?,set_12,GP_prob,GP_question,No,Yes,cowboy,rode,horse,sweated
18,While the cowboy rode the leopard sweated profusely.,Did the leopard sweat profusely?,set_12,GP_improb,simple_question,Yes,No,cowboy,rode,leopard,sweated
19,While the cowboy rode the leopard sweated profusely.,Did the cowboy ride the leopard?,set_12,GP_improb,GP_question,No,Yes,cowboy,rode,leopard,sweated
20,The horse sweated profusely while the cowboy rode.,Did the horse sweat profusely?,set_12,nonGP_prob,simple_question,Yes,No,cowboy,rode,horse,sweated
21,The horse sweated profusely while the cowboy rode.,Did the cowboy ride the horse?,set_12,nonGP_prob,GP_question,No,Yes,cowboy,rode,horse,sweated
22,The leopard sweated profusely while the cowboy rode.,Did the leopard sweat profusely?,set_12,nonGP_improb,simple_question,Yes,No,cowboy,rode,leopard,sweated
23,The leopard sweated profusely while the cowboy rode.,Did the cowboy ride the leopard?,set_12,nonGP_improb,GP_question,No,Yes,cowboy,rode,leopard,sweated
24,While Tom grilled the hot dog began to burn.,Did the hot dog begin to burn?,set_13,GP_prob,simple_question,Yes,No,Tom,grilled,hot dog,burn
25,While Tom grilled the hot dog began to burn.,Did Tom grill the hot dog?,set_13,GP_prob,GP_question,No,Yes,Tom,grilled,hot dog,burn
26,While Tom grilled the barn began to burn.,Did the barn begin to burn?,set_13,GP_improb,simple_question,Yes,No,Tom,grilled,barn,burn
27,While Tom grilled the barn began to burn.,Did Tom grill the barn?,set_13,GP_improb,GP_question,No,Yes,Tom,grilled,barn,burn
28,The hot dog began to burn while Tom grilled.,Did the hot dog begin to burn?,set_13,nonGP_prob,simple_question,Yes,No,Tom,grilled,hot dog,began
29,The hot dog began to burn while Tom grilled.,Did Tom grill the hot dog?,set_13,nonGP_prob,GP_question,No,Yes,Tom,grilled,hot dog,began
30,The barn began to burn while Tom grilled.,Did the barn begin to burn?,set_13,nonGP_improb,simple_question,Yes,No,Tom,grilled,barn,began
31,The barn began to burn while Tom grilled.,Did Tom grill the barn?,set_13,nonGP_improb,GP_question,No,Yes,Tom,grilled,barn,began
32,While the architect drew the building represented modern times style.,Did the building represent modern time style?,set_14,GP_prob,simple_question,Yes,No,architect,drew,building,represented
33,While the architect drew the building represented modern times style.,Did the architect draw the building?,set_14,GP_prob,GP_question,No,Yes,architect,drew,building,represented
34,While the architect drew the melody represented modern times style.,Did the melody represent modern time style?,set_14,GP_improb,simple_question,Yes,No,architect,drew,melody,represented
35,While the architect drew the melody represented modern times style.,Did the architect draw the melody?,set_14,GP_improb,GP_question,No,Yes,architect,drew,melody,represented
36,The building represented modern times style while the architect drew.,Did the building represent modern time style?,set_14,nonGP_prob,simple_question,Yes,No,architect,drew,building,represented
37,The building represented modern times style while the architect drew.,Did the architect draw the building?,set_14,nonGP_prob,GP_question,No,Yes,architect,drew,building,represented
38,The melody represented modern times style while the architect drew.,Did the melody represent modern time style?,set_14,nonGP_improb,simple_question,Yes,No,architect,drew,melody,represented
39,The melody represented modern times style while the architect drew.,Did the architect draw the melody?,set_14,nonGP_improb,GP_question,No,Yes,architect,drew,melody,represented
40,While the chef stirred the soup boiled over.,Did the soup boil over?,set_15,GP_prob,simple_question,Yes,No,chef,stirred,soup,boiled
41,While the chef stirred the soup boiled over.,Did the chef stir the soup?,set_15,GP_prob,GP_question,No,Yes,chef,stirred,soup,boiled
42,While the chef stirred the acid boiled over.,Did the acid boil over?,set_15,GP_improb,simple_question,Yes,No,chef,stirred,acid,boiled
43,While the chef stirred the acid boiled over.,Did the chef stir the acid?,set_15,GP_improb,GP_question,No,Yes,chef,stirred,acid,boiled
44,The soup boiled over while the chef stirred.,Did the soup boil over?,set_15,nonGP_prob,simple_question,Yes,No,chef,stirred,soup,boiled
45,The soup boiled over while the chef stirred.,Did the chef stir the soup?,set_15,nonGP_prob,GP_question,No,Yes,chef,stirred,soup,boiled
46,The acid boiled over while the chef stirred.,Did the acid boil over?,set_15,nonGP_improb,simple_question,Yes,No,chef,stirred,acid,boiled
47,The acid boiled over while the chef stirred.,Did the chef stir the acid?,set_15,nonGP_improb,GP_question,No,Yes,chef,stirred,acid,boiled
48,While the tourist explored the tunnel echoed with mysterious sounds.,Did the tunnel echo with mysterious sounds?,set_16,GP_prob,simple_question,Yes,No,tourist,explored,tunnel,echoed
49,While the tourist explored the tunnel echoed with mysterious sounds.,Did the tourist explore the tunnel?,set_16,GP_prob,GP_question,No,Yes,tourist,explored,tunnel,echoed
50,While the tourist explored the trunk echoed with mysterious sounds.,Did the trunk echo with mysterious sounds?,set_16,GP_improb,simple_question,Yes,No,tourist,explored,trunk,echoed
51,While the tourist explored the trunk echoed with mysterious sounds.,Did the tourist explore the trunk?,set_16,GP_improb,GP_question,No,Yes,tourist,explored,trunk,echoed
52,The tunnel echoed with mysterious sounds while the tourist explored.,Did the tunnel echo with mysterious sounds?,set_16,nonGP_prob,simple_question,Yes,No,tourist,explored,tunnel,echoed
53,The tunnel echoed with mysterious sounds while the tourist explored.,Did the tourist explore the tunnel?,set_16,nonGP_prob,GP_question,No,Yes,tourist,explored,tunnel,echoed
54,The trunk echoed with mysterious sounds while the tourist explored.,Did the trunk echo with mysterious sounds?,set_16,nonGP_improb,simple_question,Yes,No,tourist,explored,trunk,echoed
55,The trunk echoed with mysterious sounds while the tourist explored.,Did the tourist explore the trunk?,set_16,nonGP_improb,GP_question,No,Yes,tourist,explored,trunk,echoed
56,While the woman drank the water spilled on the floor.,Did the water spill on the floor?,set_17,GP_prob,simple_question,Yes,No,woman,drank,water,spilled
57,While the woman drank the water spilled on the floor.,Did the woman drink the water?,set_17,GP_prob,GP_question,No,Yes,woman,drank,water,spilled
58,While the woman drank the mud spilled on the floor.,Did the mud spill on the floor?,set_17,GP_improb,simple_question,Yes,No,woman,drank,mud,spilled
59,While the woman drank the mud spilled on the floor.,Did the woman drink the mud?,set_17,GP_improb,GP_question,No,Yes,woman,drank,mud,spilled
60,The water spilled on the floor while the woman drank.,Did the water spill on the floor?,set_17,nonGP_prob,simple_question,Yes,No,woman,drank,water,spilled
61,The water spilled on the floor while the woman drank.,Did the woman drink the water?,set_17,nonGP_prob,GP_question,No,Yes,woman,drank,water,spilled
62,The mud spilled on the floor while the woman drank.,Did the mud spill on the floor?,set_17,nonGP_improb,simple_question,Yes,No,woman,drank,mud,spilled
63,The mud spilled on the floor while the woman drank.,Did the woman drink the mud?,set_17,nonGP_improb,GP_question,No,Yes,woman,drank,mud,spilled
64,While the snake swallowed the frog kicked vigorously.,Did the frog kick vigorously?,set_18,GP_prob,simple_question,Yes,No,snake,swallowed,frog,kicked
65,While the snake swallowed the frog kicked vigorously.,Did the snake swallow the frog?,set_18,GP_prob,GP_question,No,Yes,snake,swallowed,frog,kicked
66,While the snake swallowed the hippo kicked vigorously.,Did the hippo kick vigorously?,set_18,GP_improb,simple_question,Yes,No,snake,swallowed,hippo,kicked
67,While the snake swallowed the hippo kicked vigorously.,Did the snake swallow the hippo?,set_18,GP_improb,GP_question,No,Yes,snake,swallowed,hippo,kicked
68,The frog kicked vigorously while the snake swallowed.,Did the frog kick vigorously?,set_18,nonGP_prob,simple_question,Yes,No,snake,swallowed,frog,kicked
69,The frog kicked vigorously while the snake swallowed.,Did the snake swallow the frog?,set_18,nonGP_prob,GP_question,No,Yes,snake,swallowed,frog,kicked
70,The hippo kicked vigorously while the snake swallowed.,Did the hippo kick vigorously?,set_18,nonGP_improb,simple_question,Yes,No,snake,swallowed,hippo,kicked
71,The hippo kicked vigorously while the snake swallowed.,Did the snake swallow the hippo?,set_18,nonGP_improb,GP_question,No,Yes,snake,swallowed,hippo,kicked
72,While the lion attacked the baboon screamed in terror.,Did the baboon scream in terror?,set_19,GP_prob,simple_question,Yes,No,lion,attacked,baboon,screamed
73,While the lion attacked the baboon screamed in terror.,Did the lion attack the baboon?,set_19,GP_prob,GP_question,No,Yes,lion,attacked,baboon,screamed
74,While the lion attacked the penguin screamed in terror.,Did the penguin scream in terror?,set_19,GP_improb,simple_question,Yes,No,lion,attacked,penguin,screamed
75,While the lion attacked the penguin screamed in terror.,Did the lion attack the penguin?,set_19,GP_improb,GP_question,No,Yes,lion,attacked,penguin,screamed
76,The baboon screamed in terror while the lion attacked.,Did the baboon scream in terror?,set_19,nonGP_prob,simple_question,Yes,No,lion,attacked,baboon,screamed
77,The baboon screamed in terror while the lion attacked.,Did the lion attack the baboon?,set_19,nonGP_prob,GP_question,No,Yes,lion,attacked,baboon,screamed
78,The penguin screamed in terror while the lion attacked.,Did the penguin scream in terror?,set_19,nonGP_improb,simple_question,Yes,No,lion,attacked,penguin,screamed
79,The penguin screamed in terror while the lion attacked.,Did the lion attack the penguin?,set_19,nonGP_improb,GP_question,No,Yes,lion,attacked,penguin,screamed
80,While the maid dusted the picture tipped over.,Did the picture tip over?,set_20,GP_prob,simple_question,Yes,No,maid,dusted,picture,tipped
81,While the maid dusted the picture tipped over.,Did the maid dust the picture?,set_20,GP_prob,GP_question,No,Yes,maid,dusted,picture,tipped
82,While the maid dusted the cow tipped over.,Did the cow tip over?,set_20,GP_improb,simple_question,Yes,No,maid,dusted,cow,tipped
83,While the maid dusted the cow tipped over.,Did the maid dust the cow?,set_20,GP_improb,GP_question,No,Yes,maid,dusted,cow,tipped
84,The picture tipped over while the maid dusted.,Did the picture tip over?,set_20,nonGP_prob,simple_question,Yes,No,maid,dusted,picture,tipped
85,The picture tipped over while the maid dusted.,Did the maid dust the picture?,set_20,nonGP_prob,GP_question,No,Yes,maid,dusted,picture,tipped
86,The cow tipped over while the maid dusted.,Did the cow tip over?,set_20,nonGP_improb,simple_question,Yes,No,maid,dusted,cow,tipped
87,The cow tipped over while the maid dusted.,Did the maid dust the cow?,set_20,nonGP_improb,GP_question,No,Yes,maid,dusted,cow,tipped
88,While the teacher counted the children formed a line.,Did the children form a line?,set_21,GP_prob,simple_question,Yes,No,teacher,counted,children,formed
89,While the teacher counted the children formed a line.,Did the teacher count the children?,set_21,GP_prob,GP_question,No,Yes,teacher,counted,children,formed
90,While the teacher counted the ants formed a line.,Did the ants form a line?,set_21,GP_improb,simple_question,Yes,No,teacher,counted,ants,formed
91,While the teacher counted the ants formed a line.,Did the teacher count the ants?,set_21,GP_improb,GP_question,No,Yes,teacher,counted,ants,formed
92,The children formed a line while the teacher counted.,Did the children form a line?,set_21,nonGP_prob,simple_question,Yes,No,teacher,counted,children,formed
93,The children formed a line while the teacher counted.,Did the teacher count the children?,set_21,nonGP_prob,GP_question,No,Yes,teacher,counted,children,formed
94,The ants formed a line while the teacher counted.,Did the ants form a line?,set_21,nonGP_improb,simple_question,Yes,No,teacher,counted,ants,formed
95,The ants formed a line while the teacher counted.,Did the teacher count the ants?,set_21,nonGP_improb,GP_question,No,Yes,teacher,counted,ants,formed
96,While the champion raced the challenger stumbled and fell.,Did the challenger stumble and fall?,set_22,GP_prob,simple_question,Yes,No,champion,raced,challenger,stumbled
97,While the champion raced the challenger stumbled and fell.,Did the champion race the challenger?,set_22,GP_prob,GP_question,No,Yes,champion,raced,challenger,stumbled
98,While the champion raced the spectator stumbled and fell.,Did the spectator stumble and fall?,set_22,GP_improb,simple_question,Yes,No,champion,raced,spectator,stumbled
99,While the champion raced the spectator stumbled and fell.,Did the champion race the spectator?,set_22,GP_improb,GP_question,No,Yes,champion,raced,spectator,stumbled
100,The challenger stumbled and fell while the champion raced.,Did the challenger stumble and fall?,set_22,nonGP_prob,simple_question,Yes,No,champion,raced,challenger,stumbled
101,The challenger stumbled and fell while the champion raced.,Did the champion race the challenger?,set_22,nonGP_prob,GP_question,No,Yes,champion,raced,challenger,stumbled
102,The spectator stumbled and fell while the champion raced.,Did the spectator stumble and fall?,set_22,nonGP_improb,simple_question,Yes,No,champion,raced,spectator,stumbled
103,The spectator stumbled and fell while the champion raced.,Did the champion race the spectator?,set_22,nonGP_improb,GP_question,No,Yes,champion,raced,spectator,stumbled
104,While Jerry played the violin went out of tune.,Did the violin go out of tune?,set_23,GP_prob,simple_question,Yes,No,Jerry,played,violin,went
105,While Jerry played the violin went out of tune.,Did Jerry play the violin?,set_23,GP_prob,GP_question,No,Yes,Jerry,played,violin,went
106,While Jerry played the speakers went out of tune.,Did the speakers go out of tune?,set_23,GP_improb,simple_question,Yes,No,Jerry,played,speakers,went
107,While Jerry played the speakers went out of tune.,Did Jerry play the speakers?,set_23,GP_improb,GP_question,No,Yes,Jerry,played,speakers,went
108,The violin went out of tune while jerry played.,Did the violin go out of tune?,set_23,nonGP_prob,simple_question,Yes,No,jerry,played,violin,went
109,The violin went out of tune while jerry played.,Did Jerry play the violin?,set_23,nonGP_prob,GP_question,No,Yes,jerry,played,violin,went
110,The speakers went out of tune while jerry played.,Did the speakers go out of tune?,set_23,nonGP_improb,simple_question,Yes,No,jerry,played,speakers,went
111,The speakers went out of tune while jerry played.,Did Jerry play the speakers?,set_23,nonGP_improb,GP_question,No,Yes,jerry,played,speakers,went
112,While the girl painted the rainbow slowly faded outside.,Did the rainbow slowly fade outside?,set_24,GP_prob,simple_question,Yes,No,girl,painted,rainbow,faded
113,While the girl painted the rainbow slowly faded outside.,Did the girl paint the rainbow?,set_24,GP_prob,GP_question,No,Yes,girl,painted,rainbow,faded
114,While the girl painted the music slowly faded outside.,Did the music slowly fade outside?,set_24,GP_improb,simple_question,Yes,No,girl,painted,music,faded
115,While the girl painted the music slowly faded outside.,Did the girl paint the music?,set_24,GP_improb,GP_question,No,Yes,girl,painted,music,faded
116,The rainbow slowly faded outside while the girl painted.,Did the rainbow slowly fade outside?,set_24,nonGP_prob,simple_question,Yes,No,girl,painted,rainbow,faded
117,The rainbow slowly faded outside while the girl painted.,Did the girl paint the rainbow?,set_24,nonGP_prob,GP_question,No,Yes,girl,painted,rainbow,faded
118,The music slowly faded outside while the girl painted.,Did the music slowly fade outside?,set_24,nonGP_improb,simple_question,Yes,No,girl,painted,music,faded
119,The music slowly faded outside while the girl painted.,Did the girl paint the music?,set_24,nonGP_improb,GP_question,No,Yes,girl,painted,music,faded
120,While Kendra parked the van bumped the curb.,Did the van bump the curb?,set_25,GP_prob,simple_question,Yes,No,Kendra,parked,van,bumped
121,While Kendra parked the van bumped the curb.,Did Kendra park the van?,set_25,GP_prob,GP_question,No,Yes,Kendra,parked,van,bumped
122,While Kendra parked the horse bumped the curb.,Did the horse bump the curb?,set_25,GP_improb,simple_question,Yes,No,Kendra,parked,horse,bumped
123,While Kendra parked the horse bumped the curb.,Did Kendra park the horse?,set_25,GP_improb,GP_question,No,Yes,Kendra,parked,horse,bumped
124,The van bumped the curb while Kendra parked.,Did the van bump the curb?,set_25,nonGP_prob,simple_question,Yes,No,Kendra,parked,van,bumped
125,The van bumped the curb while Kendra parked.,Did Kendra park the van?,set_25,nonGP_prob,GP_question,No,Yes,Kendra,parked,van,bumped
126,The horse bumped the curb while Kendra parked.,Did the horse bump the curb?,set_25,nonGP_improb,simple_question,Yes,No,Kendra,parked,horse,bumped
127,The horse bumped the curb while Kendra parked.,Did Kendra park the horse?,set_25,nonGP_improb,GP_question,No,Yes,Kendra,parked,horse,bumped
128,While Angela cleaned the dog stood in the yard.,Did the dog stand in the yard?,set_26,GP_prob,simple_question,Yes,No,Angela,cleaned,dog,stood
129,While Angela cleaned the dog stood in the yard.,Did Angela clean the dog?,set_26,GP_prob,GP_question,No,Yes,Angela,cleaned,dog,stood
130,While Angela cleaned the mailman stood in the yard.,Did the mailman stand in the yard?,set_26,GP_improb,simple_question,Yes,No,Angela,cleaned,mailman,stood
131,While Angela cleaned the mailman stood in the yard.,Did Angela clean the mailman?,set_26,GP_improb,GP_question,No,Yes,Angela,cleaned,mailman,stood
132,The dog stood in the yard while Angela cleaned.,Did the dog stand in the yard?,set_26,nonGP_prob,simple_question,Yes,No,Angela,cleaned,dog,stood
133,The dog stood in the yard while Angela cleaned.,Did Angela clean the dog?,set_26,nonGP_prob,GP_question,No,Yes,Angela,cleaned,dog,stood
134,The mailman stood in the yard while Angela cleaned.,Did the mailman stand in the yard?,set_26,nonGP_improb,simple_question,Yes,No,Angela,cleaned,mailman,stood
135,The mailman stood in the yard while Angela cleaned.,Did Angela clean the mailman?,set_26,nonGP_improb,GP_question,No,Yes,Angela,cleaned,mailman,stood
136,While the sailor smoked the pipe glowed brightly.,Did the pipe glow brightly?,set_27,GP_prob,simple_question,Yes,No,sailor,smoked,pipe,glowed
137,While the sailor smoked the pipe glowed brightly.,Did the sailor smoke the pipe?,set_27,GP_prob,GP_question,No,Yes,sailor,smoked,pipe,glowed
138,While the sailor smoked the firefly glowed brightly.,Did the firefly glow brightly?,set_27,GP_improb,simple_question,Yes,No,sailor,smoked,firefly,glowed
139,While the sailor smoked the firefly glowed brightly.,Did the sailor smoke the firefly?,set_27,GP_improb,GP_question,No,Yes,sailor,smoked,firefly,glowed
140,The pipe glowed brightly while the sailor smoked.,Did the pipe glow brightly?,set_27,nonGP_prob,simple_question,Yes,No,sailor,smoked,pipe,glowed
141,The pipe glowed brightly while the sailor smoked.,Did the sailor smoke the pipe?,set_27,nonGP_prob,GP_question,No,Yes,sailor,smoked,pipe,glowed
142,The firefly glowed brightly while the sailor smoked.,Did the firefly glow brightly?,set_27,nonGP_improb,simple_question,Yes,No,sailor,smoked,firefly,glowed
143,The firefly glowed brightly while the sailor smoked.,Did the sailor smoke the firefly?,set_27,nonGP_improb,GP_question,No,Yes,sailor,smoked,firefly,glowed
144,While the tourist filmed the dancer blocked the sidewalk.,Did the dancer block the sidewalk?,set_28,GP_prob,simple_question,Yes,No,tourist,filmed,dancer,blocked
145,While the tourist filmed the dancer blocked the sidewalk.,Did the tourist film the dancer?,set_28,GP_prob,GP_question,No,Yes,tourist,filmed,dancer,blocked
146,While the tourist filmed the trashbags blocked the sidewalk.,Did the trashbags block the sidewalk?,set_28,GP_improb,simple_question,Yes,No,tourist,filmed,trashbags,blocked
147,While the tourist filmed the trashbags blocked the sidewalk.,Did the tourist film the trashbags?,set_28,GP_improb,GP_question,No,Yes,tourist,filmed,trashbags,blocked
148,The dancer blocked the sidewalk while the tourist filmed.,Did the dancer block the sidewalk?,set_28,nonGP_prob,simple_question,Yes,No,tourist,filmed,dancer,blocked
149,The dancer blocked the sidewalk while the tourist filmed.,Did the tourist film the dancer?,set_28,nonGP_prob,GP_question,No,Yes,tourist,filmed,dancer,blocked
150,The trashbags blocked the sidewalk while the tourist filmed.,Did the trashbags block the sidewalk?,set_28,nonGP_improb,simple_question,Yes,No,tourist,filmed,trashbags,blocked
151,The trashbags blocked the sidewalk while the tourist filmed.,Did the tourist film the trashbags?,set_28,nonGP_improb,GP_question,No,Yes,tourist,filmed,trashbags,blocked
152,While the athlete wrestled the opponent shouted insults.,Did the opponent shout insults?,set_29,GP_prob,simple_question,Yes,No,athlete,wrestled,opponent,shouted
153,While the athlete wrestled the opponent shouted insults.,Did the athlete wrestle the opponent?,set_29,GP_prob,GP_question,No,Yes,athlete,wrestled,opponent,shouted
154,While the athlete wrestled the audience shouted insults.,Did the audience shout insults?,set_29,GP_improb,simple_question,Yes,No,athlete,wrestled,audience,shouted
155,While the athlete wrestled the audience shouted insults.,Did the athlete wrestle the audience?,set_29,GP_improb,GP_question,No,Yes,athlete,wrestled,audience,shouted
156,The opponent shouted insults while the athlete wrestled.,Did the opponent shout insults?,set_29,nonGP_prob,simple_question,Yes,No,athlete,wrestled,opponent,shouted
157,The opponent shouted insults while the athlete wrestled.,Did the athlete wrestle the opponent?,set_29,nonGP_prob,GP_question,No,Yes,athlete,wrestled,opponent,shouted
158,The audience shouted insults while the athlete wrestled.,Did the audience shout insults?,set_29,nonGP_improb,simple_question,Yes,No,athlete,wrestled,audience,shouted
159,The audience shouted insults while the athlete wrestled.,Did the athlete wrestle the audience?,set_29,nonGP_improb,GP_question,No,Yes,athlete,wrestled,audience,shouted
160,While the warrior fought the enemy retreated.,Did the enemy retreat?,set_30,GP_prob,simple_question,Yes,No,warrior,fought,enemy,retreated
161,While the warrior fought the enemy retreated.,Did the warrior fight the enemy?,set_30,GP_prob,GP_question,No,Yes,warrior,fought,enemy,retreated
162,While the warrior fought the rhino retreated.,Did the rhino retreat?,set_30,GP_improb,simple_question,Yes,No,warrior,fought,rhino,retreated
163,While the warrior fought the rhino retreated.,Did the warrior fight the rhino?,set_30,GP_improb,GP_question,No,Yes,warrior,fought,rhino,retreated
164,The enemy retreated while the warrior fought.,Did the enemy retreat?,set_30,nonGP_prob,simple_question,Yes,No,warrior,fought,enemy,retreated
165,The enemy retreated while the warrior fought.,Did the warrior fight the enemy?,set_30,nonGP_prob,GP_question,No,Yes,warrior,fought,enemy,retreated
166,The rhino retreated while the warrior fought.,Did the rhino retreat?,set_30,nonGP_improb,simple_question,Yes,No,warrior,fought,rhino,retreated
167,The rhino retreated while the warrior fought.,Did the warrior fight the rhino?,set_30,nonGP_improb,GP_question,No,Yes,warrior,fought,rhino,retreated
168,While Harry chewed the steak fell to the floor.,Did the steak fall to the floor?,set_31,GP_prob,simple_question,Yes,No,Harry,chewed,steak,fell
169,While Harry chewed the steak fell to the floor.,Did Harry chew the steak?,set_31,GP_prob,GP_question,No,Yes,Harry,chewed,steak,fell
170,While Harry chewed the book fell to the floor.,Did the book fall to the floor?,set_31,GP_improb,simple_question,Yes,No,Harry,chewed,book,fell
171,While Harry chewed the book fell to the floor.,Did Harry chew the book?,set_31,GP_improb,GP_question,No,Yes,Harry,chewed,book,fell
172,The steak fell to the floor while Harry chewed.,Did the steak fall to the floor?,set_31,nonGP_prob,simple_question,Yes,No,Harry,chewed,steak,fell
173,The steak fell to the floor while Harry chewed.,Did Harry chew the steak?,set_31,nonGP_prob,GP_question,No,Yes,Harry,chewed,steak,fell
174,The book fell to the floor while Harry chewed.,Did the book fall to the floor?,set_31,nonGP_improb,simple_question,Yes,No,Harry,chewed,book,fell
175,The book fell to the floor while Harry chewed.,Did Harry chew the book?,set_31,nonGP_improb,GP_question,No,Yes,Harry,chewed,book,fell
176,While Bill ate the turkey sat on the table.,Did the turkey sit on the table?,set_32,GP_prob,simple_question,Yes,No,Bill,ate,turkey,sat
177,While Bill ate the turkey sat on the table.,Did Bill eat the turkey?,set_32,GP_prob,GP_question,No,Yes,Bill,ate,turkey,sat
178,While Bill ate the baby sat on the table.,Did the baby sit on the table?,set_32,GP_improb,simple_question,Yes,No,Bill,ate,baby,sat
179,While Bill ate the baby sat on the table.,Did Bill eat the baby?,set_32,GP_improb,GP_question,No,Yes,Bill,ate,baby,sat
180,The turkey sat on the table while Bill ate.,Did the turkey sit on the table?,set_32,nonGP_prob,simple_question,Yes,No,Bill,ate,turkey,sat
181,The turkey sat on the table while Bill ate.,Did Bill eat the turkey?,set_32,nonGP_prob,GP_question,No,Yes,Bill,ate,turkey,sat
182,The baby sat on the table while Bill ate.,Did the baby sit on the table?,set_32,nonGP_improb,simple_question,Yes,No,Bill,ate,baby,sat
183,The baby sat on the table while Bill ate.,Did Bill eat the baby?,set_32,nonGP_improb,GP_question,No,Yes,Bill,ate,baby,sat
184,While Janet baked the bread rose in the oven.,Did the bread rise in the oven?,set_33,GP_prob,simple_question,Yes,No,Janet,baked,bread,rose
185,While Janet baked the bread rose in the oven.,Did Janet bake the bread?,set_33,GP_prob,GP_question,No,Yes,Janet,baked,bread,rose
186,While Janet baked the pressure rose in the oven.,Did the pressure rise in the oven?,set_33,GP_improb,simple_question,Yes,No,Janet,baked,pressure,rose
187,While Janet baked the pressure rose in the oven.,Did Janet bake the pressure?,set_33,GP_improb,GP_question,No,Yes,Janet,baked,pressure,rose
188,The bread rose in the oven while Janet baked.,Did the bread rise in the oven?,set_33,nonGP_prob,simple_question,Yes,No,Janet,baked,bread,rose
189,The bread rose in the oven while Janet baked.,Did Janet bake the bread?,set_33,nonGP_prob,GP_question,No,Yes,Janet,baked,bread,rose
190,The pressure rose in the oven while Janet baked.,Did the pressure rise in the oven?,set_33,nonGP_improb,simple_question,Yes,No,Janet,baked,pressure,rose
191,The pressure rose in the oven while Janet baked.,Did Janet bake the pressure?,set_33,nonGP_improb,GP_question,No,Yes,Janet,baked,pressure,rose
192,While the public cheered the team left the restaurant.,Did the team leave the restaurant?,set_34,GP_prob,simple_question,Yes,No,public,cheered,team,left
193,While the public cheered the team left the restaurant.,Did the public cheer the team?,set_34,GP_prob,GP_question,No,Yes,public,cheered,team,left
194,While the public cheered the rats left the restaurant.,Did the rats leave the restaurant?,set_34,GP_improb,simple_question,Yes,No,public,cheered,rats,left
195,While the public cheered the rats left the restaurant.,Did the public cheer the rats?,set_34,GP_improb,GP_question,No,Yes,public,cheered,rats,left
196,The team left the restaurant while the public cheered.,Did the team leave the restaurant?,set_34,nonGP_prob,simple_question,Yes,No,public,cheered,team,left
197,The team left the restaurant while the public cheered.,Did the public cheer the team?,set_34,nonGP_prob,GP_question,No,Yes,public,cheered,team,left
198,The rats left the restaurant while the public cheered.,Did the rats leave the restaurant?,set_34,nonGP_improb,simple_question,Yes,No,public,cheered,rats,left
199,The rats left the restaurant while the public cheered.,Did the public cheer the rats?,set_34,nonGP_improb,GP_question,No,Yes,public,cheered,rats,left
200,While the cleaner mopped the floor was filled with stains.,Was the floor filled with stains?,set_35,GP_prob,simple_question,Yes,No,cleaner,mopped,floor,filled
201,While the cleaner mopped the floor was filled with stains.,Did the cleaner mop the floor?,set_35,GP_prob,GP_question,No,Yes,cleaner,mopped,floor,filled
202,While the cleaner mopped the ceiling was filled with stains.,Was the ceiling filled with stains?,set_35,GP_improb,simple_question,Yes,No,cleaner,mopped,ceiling,filled
203,While the cleaner mopped the ceiling was filled with stains.,Did the cleaner mop the ceiling?,set_35,GP_improb,GP_question,No,Yes,cleaner,mopped,ceiling,filled
204,The floor was filled with stains while the cleaner mopped.,Was the floor filled with stains?,set_35,nonGP_prob,simple_question,Yes,No,cleaner,mopped,floor,filled
205,The floor was filled with stains while the cleaner mopped.,Did the cleaner mop the floor?,set_35,nonGP_prob,GP_question,No,Yes,cleaner,mopped,floor,filled
206,The ceiling was filled with stains while the cleaner mopped.,Was the ceiling filled with stains?,set_35,nonGP_improb,simple_question,Yes,No,cleaner,mopped,ceiling,filled
207,The ceiling was filled with stains while the cleaner mopped.,Did the cleaner mop the ceiling?,set_35,nonGP_improb,GP_question,No,Yes,cleaner,mopped,ceiling,filled
208,While the chef cooked the meal impressed the couple.,Did the meal impress the couple?,set_36,GP_prob,simple_question,Yes,No,chef,cooked,meal,impressed
209,While the chef cooked the meal impressed the couple.,Did the chef cook the meal?,set_36,GP_prob,GP_question,No,Yes,chef,cooked,meal,impressed
210,While the chef cooked the cat impressed the couple.,Did the cat impress the couple?,set_36,GP_improb,simple_question,Yes,No,chef,cooked,cat,impressed
211,While the chef cooked the cat impressed the couple.,Did the chef cook the cat?,set_36,GP_improb,GP_question,No,Yes,chef,cooked,cat,impressed
212,The meal impressed the couple while the chef cooked.,Did the meal impress the couple?,set_36,nonGP_prob,simple_question,Yes,No,chef,cooked,meal,impressed
213,The meal impressed the couple while the chef cooked.,Did the chef cook the meal?,set_36,nonGP_prob,GP_question,No,Yes,chef,cooked,meal,impressed
214,The cat impressed the couple while the chef cooked.,Did the cat impress the couple?,set_36,nonGP_improb,simple_question,Yes,No,chef,cooked,cat,impressed
215,The cat impressed the couple while the chef cooked.,Did the chef cook the cat?,set_36,nonGP_improb,GP_question,No,Yes,chef,cooked,cat,impressed
216,While the child finished the homework waited on the table.,Did the homework wait on the table?,set_37,GP_prob,simple_question,Yes,No,child,finished,homework,waited
217,While the child finished the homework waited on the table.,Did the child finish the homework?,set_37,GP_prob,GP_question,No,Yes,child,finished,homework,waited
218,While the child finished the tax forms waited on the table.,Did the tax forms wait on the table?,set_37,GP_improb,simple_question,Yes,No,child,finished,tax forms,waited
219,While the child finished the tax forms waited on the table.,Did the child finish the tax forms?,set_37,GP_improb,GP_question,No,Yes,child,finished,tax forms,waited
220,The homework waited on the table while the child finished.,Did the homework wait on the table?,set_37,nonGP_prob,simple_question,Yes,No,child,finished,homework,waited
221,The homework waited on the table while the child finished.,Did the child finish the homework?,set_37,nonGP_prob,GP_question,No,Yes,child,finished,homework,waited
222,The tax forms waited on the table while the child finished.,Did the tax forms wait on the table?,set_37,nonGP_improb,simple_question,Yes,No,child,finished,tax forms,waited
223,The tax forms waited on the table while the child finished.,Did the child finish the tax forms?,set_37,nonGP_improb,GP_question,No,Yes,child,finished,tax forms,waited
224,While the student knitted the sweater sold to the highest bidder.,Did the sweater sell to the highest bidder?,set_38,GP_prob,simple_question,Yes,No,student,knitted,sweater,sold
225,While the student knitted the sweater sold to the highest bidder.,Did the student knit the sweater?,set_38,GP_prob,GP_question,No,Yes,student,knitted,sweater,sold
226,While the student knitted the painting sold to the highest bidder.,Did the painting sell to the highest bidder?,set_38,GP_improb,simple_question,Yes,No,student,knitted,painting,sold
227,While the student knitted the painting sold to the highest bidder.,Did the student knit the painting?,set_38,GP_improb,GP_question,No,Yes,student,knitted,painting,sold
228,The sweater sold to the highest bidder while the student knitted.,Did the sweater sell to the highest bidder?,set_38,nonGP_prob,simple_question,Yes,No,student,knitted,sweater,sold
229,The sweater sold to the highest bidder while the student knitted.,Did the student knit the sweater?,set_38,nonGP_prob,GP_question,No,Yes,student,knitted,sweater,sold
230,The painting sold to the highest bidder while the student knitted.,Did the painting sell to the highest bidder?,set_38,nonGP_improb,simple_question,Yes,No,student,knitted,painting,sold
231,The painting sold to the highest bidder while the student knitted.,Did the student knit the painting?,set_38,nonGP_improb,GP_question,No,Yes,student,knitted,painting,sold
232,While the astronomer observed the comet lit up the room.,Did the comet light up the room?,set_39,GP_prob,simple_question,Yes,No,astronomer,observed,comet,lit
233,While the astronomer observed the comet lit up the room.,Did the astronomer observe the comet?,set_39,GP_prob,GP_question,No,Yes,astronomer,observed,comet,lit
234,While the astronomer observed the lightbulb lit up the room.,Did the lightbulb light up the room?,set_39,GP_improb,simple_question,Yes,No,astronomer,observed,lightbulb,lit
235,While the astronomer observed the lightbulb lit up the room.,Did the astronomer observe the lightbulb?,set_39,GP_improb,GP_question,No,Yes,astronomer,observed,lightbulb,lit
236,The comet lit up the room while the astronomer observed.,Did the comet light up the room?,set_39,nonGP_prob,simple_question,Yes,No,astronomer,observed,comet,lit
237,The comet lit up the room while the astronomer observed.,Did the astronomer observe the comet?,set_39,nonGP_prob,GP_question,No,Yes,astronomer,observed,comet,lit
238,The lightbulb lit up the room while the astronomer observed.,Did the lightbulb light up the room?,set_39,nonGP_improb,simple_question,Yes,No,astronomer,observed,lightbulb,lit
239,The lightbulb lit up the room while the astronomer observed.,Did the astronomer observe the lightbulb?,set_39,nonGP_improb,GP_question,No,Yes,astronomer,observed,lightbulb,lit
240,While the players started the game bored the children.,Did the game bore the children?,set_40,GP_prob,simple_question,Yes,No,players,started,game,bored
241,While the players started the game bored the children.,Did the players start the game?,set_40,GP_prob,GP_question,No,Yes,players,started,game,bored
242,While the players started the lesson bored the children.,Did the lesson bore the children?,set_40,GP_improb,simple_question,Yes,No,players,started,lesson,bored
243,While the players started the lesson bored the children.,Did the players start the lesson?,set_40,GP_improb,GP_question,No,Yes,players,started,lesson,bored
244,The game bored the children while the players started.,Did the game bore the children?,set_40,nonGP_prob,simple_question,Yes,No,players,started,game,bored
245,The game bored the children while the players started.,Did the players start the game?,set_40,nonGP_prob,GP_question,No,Yes,players,started,game,bored
246,The lesson bored the children while the players started.,Did the lesson bore the children?,set_40,nonGP_improb,simple_question,Yes,No,players,started,lesson,bored
247,The lesson bored the children while the players started.,Did the players start the lesson?,set_40,nonGP_improb,GP_question,No,Yes,players,started,lesson,bored
248,While the professor taught the students looked at the board.,Did the students look at the board?,set_41,GP_prob,simple_question,Yes,No,professor,taught,students,looked
249,While the professor taught the students looked at the board.,Did the professor teach the students?,set_41,GP_prob,GP_question,No,Yes,professor,taught,students,looked
250,While the professor taught the puppies looked at the board.,Did the puppies look at the board?,set_41,GP_improb,simple_question,Yes,No,professor,taught,puppies,looked
251,While the professor taught the puppies looked at the board.,Did the professor teach the puppies?,set_41,GP_improb,GP_question,No,Yes,professor,taught,puppies,looked
252,The students looked at the board while the professor taught.,Did the students look at the board?,set_41,nonGP_prob,simple_question,Yes,No,professor,taught,students,looked
253,The students looked at the board while the professor taught.,Did the professor teach the students?,set_41,nonGP_prob,GP_question,No,Yes,professor,taught,students,looked
254,The puppies looked at the board while the professor taught.,Did the puppies look at the board?,set_41,nonGP_improb,simple_question,Yes,No,professor,taught,puppies,looked
255,The puppies looked at the board while the professor taught.,Did the professor teach the puppies?,set_41,nonGP_improb,GP_question,No,Yes,professor,taught,puppies,looked
256,While the pianist practiced the melody echoed through the hall.,Did the melody echo through the hall?,set_42,GP_prob,simple_question,Yes,No,pianist,practiced,melody,echoed
257,While the pianist practiced the melody echoed through the hall.,Did the pianist practice the melody?,set_42,GP_prob,GP_question,No,Yes,pianist,practiced,melody,echoed
258,While the pianist practiced the vacuum echoed through the hall.,Did the vacuum echo through the hall?,set_42,GP_improb,simple_question,Yes,No,pianist,practiced,vacuum,echoed
259,While the pianist practiced the vacuum echoed through the hall.,Did the pianist practice the vacuum?,set_42,GP_improb,GP_question,No,Yes,pianist,practiced,vacuum,echoed
260,The melody echoed through the hall while the pianist practiced.,Did the melody echo through the hall?,set_42,nonGP_prob,simple_question,Yes,No,pianist,practiced,melody,echoed
261,The melody echoed through the hall while the pianist practiced.,Did the pianist practice the melody?,set_42,nonGP_prob,GP_question,No,Yes,pianist,practiced,melody,echoed
262,The vacuum echoed through the hall while the pianist practiced.,Did the vacuum echo through the hall?,set_42,nonGP_improb,simple_question,Yes,No,pianist,practiced,vacuum,echoed
263,The vacuum echoed through the hall while the pianist practiced.,Did the pianist practice the vacuum?,set_42,nonGP_improb,GP_question,No,Yes,pianist,practiced,vacuum,echoed
264,While the couple left the bar buzzed with activity.,Did the bar buzz with activity?,set_43,GP_prob,simple_question,Yes,No,couple,left,bar,buzzed
265,While the couple left the bar buzzed with activity.,Did the couple leave the bar?,set_43,GP_prob,GP_question,No,Yes,couple,left,bar,buzzed
266,While the couple left the hive buzzed with activity.,Did the hive buzz with activity?,set_43,GP_improb,simple_question,Yes,No,couple,left,hive,buzzed
267,While the couple left the hive buzzed with activity.,Did the couple leave the hive?,set_43,GP_improb,GP_question,No,Yes,couple,left,hive,buzzed
268,The bar buzzed with activity while the couple left.,Did the bar buzz with activity?,set_43,nonGP_prob,simple_question,Yes,No,couple,left,bar,buzzed
269,The bar buzzed with activity while the couple left.,Did the couple leave the bar?,set_43,nonGP_prob,GP_question,No,Yes,couple,left,bar,buzzed
270,The hive buzzed with activity while the couple left.,Did the hive buzz with activity?,set_43,nonGP_improb,simple_question,Yes,No,couple,left,hive,buzzed
271,The hive buzzed with activity while the couple left.,Did the couple leave the hive?,set_43,nonGP_improb,GP_question,No,Yes,couple,left,hive,buzzed
272,While the gardener harvested the tomatoes hanged on the vine.,Did the tomatoes hang on the vine?,set_44,GP_prob,simple_question,Yes,No,gardener,harvested,tomatoes,hanged
273,While the gardener harvested the tomatoes hanged on the vine.,Did the gardener harvest the tomatoes?,set_44,GP_prob,GP_question,No,Yes,gardener,harvested,tomatoes,hanged
274,While the gardener harvested the chrysalis hanged on the vine.,Did the chrysalis hang on the vine?,set_44,GP_improb,simple_question,Yes,No,gardener,harvested,chrysalis,hanged
275,While the gardener harvested the chrysalis hanged on the vine.,Did the gardener harvest the chrysalis?,set_44,GP_improb,GP_question,No,Yes,gardener,harvested,chrysalis,hanged
276,The tomatoes hanged on the vine while the gardener harvested.,Did the tomatoes hang on the vine?,set_44,nonGP_prob,simple_question,Yes,No,gardener,harvested,tomatoes,hanged
277,The tomatoes hanged on the vine while the gardener harvested.,Did the gardener harvest the tomatoes?,set_44,nonGP_prob,GP_question,No,Yes,gardener,harvested,tomatoes,hanged
278,The chrysalis hanged on the vine while the gardener harvested.,Did the chrysalis hang on the vine?,set_44,nonGP_improb,simple_question,Yes,No,gardener,harvested,chrysalis,hanged
279,The chrysalis hanged on the vine while the gardener harvested.,Did the gardener harvest the chrysalis?,set_44,nonGP_improb,GP_question,No,Yes,gardener,harvested,chrysalis,hanged
280,While the horse pulled the cart moved silently.,Did the cart move silently?,set_45,GP_prob,simple_question,Yes,No,horse,pulled,cart,moved
281,While the horse pulled the cart moved silently.,Did the horse pull the cart?,set_45,GP_prob,GP_question,No,Yes,horse,pulled,cart,moved
282,While the horse pulled the submarine moved silently.,Did the submarine move silently?,set_45,GP_improb,simple_question,Yes,No,horse,pulled,submarine,moved
283,While the horse pulled the submarine moved silently.,Did the horse pull the submarine?,set_45,GP_improb,GP_question,No,Yes,horse,pulled,submarine,moved
284,The cart moved silently while the horse pulled.,Did the cart move silently?,set_45,nonGP_prob,simple_question,Yes,No,horse,pulled,cart,moved
285,The cart moved silently while the horse pulled.,Did the horse pull the cart?,set_45,nonGP_prob,GP_question,No,Yes,horse,pulled,cart,moved
286,The submarine moved silently while the horse pulled.,Did the submarine move silently?,set_45,nonGP_improb,simple_question,Yes,No,horse,pulled,submarine,moved
287,The submarine moved silently while the horse pulled.,Did the horse pull the submarine?,set_45,nonGP_improb,GP_question,No,Yes,horse,pulled,submarine,moved
288,The child giggled with delight while Jim bathed.,Did the child giggle with delight?,set_hyp5_1,nonGP_reflexive,simple_question,Yes,No,Jim,bathed,child,giggled
289,The child giggled with delight while Jim bathed.,Did Jim bathe the child?,set_hyp5_1,nonGP_reflexive,GP_question,No,Yes,Jim,bathed,child,giggled
290,The baboons sat in the grass while the chimps groomed.,Did the baboons sit in the grass?,set_hyp5_2,nonGP_reflexive,simple_question,Yes,No,chimps,groomed,baboons,sat
291,The baboons sat in the grass while the chimps groomed.,Did the chimps groom the baboons?,set_hyp5_2,nonGP_reflexive,GP_question,No,Yes,chimps,groomed,baboons,sat
292,The car sat in the driveway while Frank dried off.,Did the car sit in the driveway?,set_hyp5_3,nonGP_reflexive,simple_question,Yes,No,Frank,dried,car,sat
293,The car sat in the driveway while Frank dried off.,Did Frank dry off the car?,set_hyp5_3,nonGP_reflexive,GP_question,No,Yes,Frank,dried,car,sat
294,The neighbor coughed loudly while Betty woke up.,Did the neighbor cough loudly?,set_hyp5_4,nonGP_reflexive,simple_question,Yes,No,Betty,woke,neighbor,coughed
295,The neighbor coughed loudly while Betty woke up.,Did Betty wake up the neighbor?,set_hyp5_4,nonGP_reflexive,GP_question,No,Yes,Betty,woke,neighbor,coughed
296,The jewelry sparkled brightly while the thief hid.,Did the jewelry sparkle brightly?,set_hyp5_5,nonGP_reflexive,simple_question,Yes,No,thief,hid,jewelry,sparkled
297,The jewelry sparkled brightly while the thief hid.,Did the thief hide the jewelry?,set_hyp5_5,nonGP_reflexive,GP_question,No,Yes,thief,hid,jewelry,sparkled
298,The baby spit up on the bed while Anna dressed.,Did the baby spit up on the bed?,set_hyp5_6,nonGP_reflexive,simple_question,Yes,No,Anna,dressed,baby,spit
299,The baby spit up on the bed while Anna dressed.,Did Anna dress the baby?,set_hyp5_6,nonGP_reflexive,GP_question,No,Yes,Anna,dressed,baby,spit
300,The dog barked loudly while the boy washed.,Did the dog bark loudly?,set_hyp5_7,nonGP_reflexive,simple_question,Yes,No,boy,washed,dog,barked
301,The dog barked loudly while the boy washed.,Did the boy wash the dog?,set_hyp5_7,nonGP_reflexive,GP_question,No,Yes,boy,washed,dog,barked
302,The horse stood in the stall while the jockey settled down.,Did the horse stand in the stall?,set_hyp5_8,nonGP_reflexive,simple_question,Yes,No,jockey,settled,horse,stood
303,The horse stood in the stall while the jockey settled down.,Did the jockey settle down the horse?,set_hyp5_8,nonGP_reflexive,GP_question,No,Yes,jockey,settled,horse,stood
304,The baby cried softly while the mother undressed.,Did the baby cry softly?,set_hyp5_9,nonGP_reflexive,simple_question,Yes,No,mother,undressed,baby,cried
305,The baby cried softly while the mother undressed.,Did the mother undress the baby?,set_hyp5_9,nonGP_reflexive,GP_question,No,Yes,mother,undressed,baby,cried
306,The patient watched TV while the nurse shaved.,Did the patient watch TV?,set_hyp5_10,nonGP_reflexive,simple_question,Yes,No,nurse,shaved,patient,watched
307,The patient watched TV while the nurse shaved.,Did the nurse shave the patient?,set_hyp5_10,nonGP_reflexive,GP_question,No,Yes,nurse,shaved,patient,watched
308,The cat stared at the dog while the girl scratched.,Did the cat stare at the dog?,set_hyp5_11,nonGP_reflexive,simple_question,Yes,No,girl,scratched,cat,stared
309,The cat stared at the dog while the girl scratched.,Did the girl scratch the cat?,set_hyp5_11,nonGP_reflexive,GP_question,No,Yes,girl,scratched,cat,stared
310,The children sat on the bed while the mother calmed down.,Did the children sit on the bed?,set_hyp5_12,nonGP_reflexive,simple_question,Yes,No,mother,calmed,children,sat
311,The children sat on the bed while the mother calmed down.,Did the mother calm down the children?,set_hyp5_12,nonGP_reflexive,GP_question,No,Yes,mother,calmed,children,sat
312,The painting stood the test of time while the artist changed.,Did the painting stand the test of time?,set_hyp5_13,nonGP_reflexive,simple_question,Yes,No,artist,changed,painting,stood
313,The painting stood the test of time while the artist changed.,Did the artist change the painting?,set_hyp5_13,nonGP_reflexive,GP_question,No,Yes,artist,changed,painting,stood
314,The tomatoes invaded the garden while the child grew.,Did the tomato invade the garden?,set_hyp5_14,nonGP_reflexive,simple_question,Yes,No,child,grew,tomatoes,invaded
315,The tomatoes invaded the garden while the child grew.,Did the child grow the tomatoes?,set_hyp5_14,nonGP_reflexive,GP_question,No,Yes,child,grew,tomatoes,invaded
316,The ball kept moving across the room while the toddler rolled.,Did the ball keep moving across the room?,set_hyp5_15,nonGP_reflexive,simple_question,Yes,No,toddler,rolled,ball,kept
317,The ball kept moving across the room while the toddler rolled.,Did the toddler roll the ball?,set_hyp5_15,nonGP_reflexive,GP_question,No,Yes,toddler,rolled,ball,kept
318,The wheel made weird noises while the mechanic turned.,Did the wheel make weird noises?,set_hyp5_16,nonGP_reflexive,simple_question,Yes,No,mechanic,turned,wheel,made
319,The wheel made weird noises while the mechanic turned.,Did the mechanic turn the wheel?,set_hyp5_16,nonGP_reflexive,GP_question,No,Yes,mechanic,turned,wheel,made
320,The river stayed warm while the ice cap shrank.,Did the river stay warm?,set_hyp5_17,nonGP_reflexive,simple_question,Yes,No,ice cap,shrank,river,stayed
321,The river stayed warm while the ice cap shrank.,Did the ice cap shrink the river?,set_hyp5_17,nonGP_reflexive,GP_question,No,Yes,ice cap,shrank,river,stayed
322,The bat fell on the road while the gymnast swung.,Did the bat fall on the floor?,set_hyp5_18,nonGP_reflexive,simple_question,Yes,No,gymnast,swung,bat,fell
323,The bat fell on the road while the gymnast swung.,Did the gymnast swing the bat?,set_hyp5_18,nonGP_reflexive,GP_question,No,Yes,gymnast,swung,bat,fell
324,The athletes started the game while Bill trained.,Did the athletes start the game?,set_hyp5_19,nonGP_reflexive,simple_question,Yes,No,Bill,trained,athletes,started
325,The athletes started the game while Bill trained.,Did Bill train the athletes?,set_hyp5_19,nonGP_reflexive,GP_question,No,Yes,Bill,trained,athletes,started
326,The bone went bad while the dog moved.,Did the bone go bad?,set_hyp5_20,nonGP_reflexive,simple_question,Yes,No,dog,moved,bone,went
327,The bone went bad while the dog moved.,Did the dog move the bone?,set_hyp5_20,nonGP_reflexive,GP_question,No,Yes,dog,moved,bone,went
328,The valley kept on living quietly while the river flooded.,Did the valley keep on living quietly?,set_hyp5_21,nonGP_reflexive,simple_question,Yes,No,river,flooded,valley,kept
329,The valley kept on living quietly while the river flooded.,Did the river flood the valley?,set_hyp5_21,nonGP_reflexive,GP_question,No,Yes,river,flooded,valley,kept
330,The window moved on its axis while the log broke.,Did the window move on its axis?,set_hyp5_22,nonGP_reflexive,simple_question,Yes,No,log,broke,window,moved
331,The window moved on its axis while the log broke.,Did the log break the window?,set_hyp5_22,nonGP_reflexive,GP_question,No,Yes,log,broke,window,moved
332,The fire warmed the children while the match lit.,Did the fire warm the children?,set_hyp5_23,nonGP_reflexive,simple_question,Yes,No,match,lit,fire,warmed
333,The fire warmed the children while the match lit.,Did the match light the fire?,set_hyp5_23,nonGP_reflexive,GP_question,No,Yes,match,lit,fire,warmed
334,The boat was stranded in the ocean while the wave crashed.,Was the boat stranded in the ocean?,set_hyp5_24,nonGP_reflexive,simple_question,Yes,No,wave,crashed,boat,stranded
335,The boat was stranded in the ocean while the wave crashed.,Did the wave crash the boat?,set_hyp5_24,nonGP_reflexive,GP_question,No,Yes,wave,crashed,boat,stranded
336,While Jim bathed the child giggled with delight.,Did the child giggle with delight?,set_hyp5_1,GP_reflexive,simple_question,Yes,No,Jim,bathed,child,giggled
337,While Jim bathed the child giggled with delight.,Did Jim bathe the child?,set_hyp5_1,GP_reflexive,GP_question,No,Yes,Jim,bathed,child,giggled
338,While the chimps groomed the baboons sat in the grass.,Did the baboons sit in the grass?,set_hyp5_2,GP_reflexive,simple_question,Yes,No,chimps,groomed,baboons,sat
339,While the chimps groomed the baboons sat in the grass.,Did the chimps groom the baboons?,set_hyp5_2,GP_reflexive,GP_question,No,Yes,chimps,groomed,baboons,sat
340,While Frank dried off the car sat in the driveway.,Did the car sit in the driveway?,set_hyp5_3,GP_reflexive,simple_question,Yes,No,Frank,dried,car,sat
341,While Frank dried off the car sat in the driveway.,Did Frank dry off the car?,set_hyp5_3,GP_reflexive,GP_question,No,Yes,Frank,dried,car,sat
342,While Betty woke up the neighbor coughed loudly.,Did the neighbor cough loudly?,set_hyp5_4,GP_reflexive,simple_question,Yes,No,Betty,woke,neighbor,coughed
343,While Betty woke up the neighbor coughed loudly.,Did Betty wake up the neighbor?,set_hyp5_4,GP_reflexive,GP_question,No,Yes,Betty,woke,neighbor,coughed
344,While the thief hid the jewelry sparkled brightly.,Did the jewelry sparkle brightly?,set_hyp5_5,GP_reflexive,simple_question,Yes,No,thief,hid,jewelry,sparkled
345,While the thief hid the jewelry sparkled brightly.,Did the thief hide the jewelry?,set_hyp5_5,GP_reflexive,GP_question,No,Yes,thief,hid,jewelry,sparkled
346,While Anna dressed the baby spit up on the bed.,Did the baby spit up on the bed?,set_hyp5_6,GP_reflexive,simple_question,Yes,No,Anna,dressed,baby,spit
347,While Anna dressed the baby spit up on the bed.,Did Anna dress the baby?,set_hyp5_6,GP_reflexive,GP_question,No,Yes,Anna,dressed,baby,spit
348,While the boy washed the dog barked loudly.,Did the dog bark loudly?,set_hyp5_7,GP_reflexive,simple_question,Yes,No,boy,washed,dog,barked
349,While the boy washed the dog barked loudly.,Did the boy wash the dog?,set_hyp5_7,GP_reflexive,GP_question,No,Yes,boy,washed,dog,barked
350,While the jockey settled down the horse stood in the stall.,Did the horse stand in the stall?,set_hyp5_8,GP_reflexive,simple_question,Yes,No,jockey,settled,horse,stood
351,While the jockey settled down the horse stood in the stall.,Did the jockey settle down the horse?,set_hyp5_8,GP_reflexive,GP_question,No,Yes,jockey,settled,horse,stood
352,While the mother undressed the baby cried softly.,Did the baby cry softly?,set_hyp5_9,GP_reflexive,simple_question,Yes,No,mother,undressed,baby,cried
353,While the mother undressed the baby cried softly.,Did the mother undress the baby?,set_hyp5_9,GP_reflexive,GP_question,No,Yes,mother,undressed,baby,cried
354,While the nurse shaved the patient watched TV.,Did the patient watch TV?,set_hyp5_10,GP_reflexive,simple_question,Yes,No,nurse,shaved,patient,watched
355,While the nurse shaved the patient watched TV.,Did the nurse shave the patient?,set_hyp5_10,GP_reflexive,GP_question,No,Yes,nurse,shaved,patient,watched
356,While the girl scratched the cat stared at the dog.,Did the cat stare at the dog?,set_hyp5_11,GP_reflexive,simple_question,Yes,No,girl,scratched,cat,stared
357,While the girl scratched the cat stared at the dog.,Did the girl scratch the cat?,set_hyp5_11,GP_reflexive,GP_question,No,Yes,girl,scratched,cat,stared
358,While the mother calmed down the children sat on the bed.,Did the children sit on the bed?,set_hyp5_12,GP_reflexive,simple_question,Yes,No,mother,calmed,children,sat
359,While the mother calmed down the children sat on the bed.,Did the mother calm down the children?,set_hyp5_12,GP_reflexive,GP_question,No,Yes,mother,calmed,children,sat
360,While the artist changed the painting stood the test of time.,Did the painting stand the test of time?,set_hyp5_13,GP_reflexive,simple_question,Yes,No,artist,changed,painting,stood
361,While the artist changed the painting stood the test of time.,Did the artist change the painting?,set_hyp5_13,GP_reflexive,GP_question,No,Yes,artist,changed,painting,stood
362,While the child grew the tomatoes invaded the garden.,Did the tomato invade the garden?,set_hyp5_14,GP_reflexive,simple_question,Yes,No,child,grew,tomatoes,invaded
363,While the child grew the tomatoes invaded the garden.,Did the child grow the tomatoes?,set_hyp5_14,GP_reflexive,GP_question,No,Yes,child,grew,tomatoes,invaded
364,While the toddler rolled the ball kept moving across the room.,Did the ball keep moving across the room?,set_hyp5_15,GP_reflexive,simple_question,Yes,No,toddler,rolled,ball,kept
365,While the toddler rolled the ball kept moving across the room.,Did the toddler roll the ball?,set_hyp5_15,GP_reflexive,GP_question,No,Yes,toddler,rolled,ball,kept
366,While the mechanic turned the wheel made weird noises.,Did the wheel make weird noises?,set_hyp5_16,GP_reflexive,simple_question,Yes,No,mechanic,turned,wheel,made
367,While the mechanic turned the wheel made weird noises.,Did the mechanic turn the wheel?,set_hyp5_16,GP_reflexive,GP_question,No,Yes,mechanic,turned,wheel,made
368,While the ice cap shrank the river stayed warm.,Did the river stay warm?,set_hyp5_17,GP_reflexive,simple_question,Yes,No,ice cap,shrank,river,stayed
369,While the ice cap shrank the river stayed warm.,Did the ice cap shrink the river?,set_hyp5_17,GP_reflexive,GP_question,No,Yes,ice cap,shrank,river,stayed
370,While the gymnast swung the bat fell on the road,Did the bat fall on the floor?,set_hyp5_18,GP_reflexive,simple_question,Yes,No,gymnast,swung,bat,fell
371,While the gymnast swung the bat fell on the road,Did the gymnast swing the bat?,set_hyp5_18,GP_reflexive,GP_question,No,Yes,gymnast,swung,bat,fell
372,While Bill trained the athletes started the game.,Did the athletes start the game?,set_hyp5_19,GP_reflexive,simple_question,Yes,No,Bill,trained,athletes,started
373,While Bill trained the athletes started the game.,Did Bill train the athletes?,set_hyp5_19,GP_reflexive,GP_question,No,Yes,Bill,trained,athletes,started
374,While the dog moved the bone went bad.,Did the bone go bad?,set_hyp5_20,GP_reflexive,simple_question,Yes,No,dog,moved,bone,went
375,While the dog moved the bone went bad.,Did the dog move the bone?,set_hyp5_20,GP_reflexive,GP_question,No,Yes,dog,moved,bone,went
376,While the river flooded the valley kept on living quietly.,Did the valley keep on living quietly?,set_hyp5_21,GP_reflexive,simple_question,Yes,No,river,flooded,valley,living
377,While the river flooded the valley kept on living quietly.,Did the river flood the valley?,set_hyp5_21,GP_reflexive,GP_question,No,Yes,river,flooded,valley,living
378,While the log broke the window moved on its axis.,Did the window move on its axis?,set_hyp5_22,GP_reflexive,simple_question,Yes,No,log,broke,window,moved
379,While the log broke the window moved on its axis.,Did the log break the window?,set_hyp5_22,GP_reflexive,GP_question,No,Yes,log,broke,window,moved
380,While the match lit the fire warmed the children.,Did the fire warm the children?,set_hyp5_23,GP_reflexive,simple_question,Yes,No,match,lit,fire,warmed
381,While the match lit the fire warmed the children.,Did the match light the fire?,set_hyp5_23,GP_reflexive,GP_question,No,Yes,match,lit,fire,warmed
382,While the wave crashed the boat was stranded in the ocean.,Was the boat stranded in the ocean?,set_hyp5_24,GP_reflexive,simple_question,Yes,No,wave,crashed,boat,stranded
383,While the wave crashed the boat was stranded in the ocean.,Did the wave crash the boat?,set_hyp5_24,GP_reflexive,GP_question,No,Yes,wave,crashed,boat,stranded
384,While the man hunted the deer ran into the woods.,Did the deer run into the woods?,set_1,GP_prob,simple_question,Yes,No,man,hunted,deer,ran
385,While the man hunted the deer ran into the woods.,Did the man hunt the deer?,set_1,GP_prob,GP_question,No,Yes,man,hunted,deer,ran
386,While the man hunted the child ran into the woods.,Did the child run into the woods?,set_1,GP_improb,simple_question,Yes,No,man,hunted,child,ran
387,While the man hunted the child ran into the woods.,Did the man hunt the child?,set_1,GP_improb,GP_question,No,Yes,man,hunted,child,ran
388,The deer ran into the woods while the man hunted.,Did the deer run into the woods?,set_1,nonGP_prob,simple_question,Yes,No,man,hunted,deer,ran
389,The deer ran into the woods while the man hunted.,Did the man hunt the deer?,set_1,nonGP_prob,GP_question,No,Yes,man,hunted,deer,ran
390,The child ran into the woods while the man hunted.,Did the child run into the woods?,set_1,nonGP_improb,simple_question,Yes,No,man,hunted,child,ran
391,The child ran into the woods while the man hunted.,Did the man hunt the child?,set_1,nonGP_improb,GP_question,No,Yes,man,hunted,child,ran
392,While the skipper sailed the boat veered off course.,Did the boat veer off course?,set_2,GP_prob,simple_question,Yes,No,skipper,sailed,boat,veered
393,While the skipper sailed the boat veered off course.,Did the skipper sail the boat?,set_2,GP_prob,GP_question,No,Yes,skipper,sailed,boat,veered
394,While the skipper sailed the car veered off course.,Did the car veer off course?,set_2,GP_improb,simple_question,Yes,No,skipper,sailed,car,veered
395,While the skipper sailed the car veered off course.,Did the skipper sail the car?,set_2,GP_improb,GP_question,No,Yes,skipper,sailed,car,veered
396,The boat veered off course while the skipper sailed.,Did the boat veer off course?,set_2,nonGP_prob,simple_question,Yes,No,skipper,sailed,boat,veered
397,The boat veered off course while the skipper sailed.,Did the skipper sail the boat?,set_2,nonGP_prob,GP_question,No,Yes,skipper,sailed,boat,veered
398,The car veered off course while the skipper sailed.,Did the car veer off course?,set_2,nonGP_improb,simple_question,Yes,No,skipper,sailed,car,veered
399,The car veered off course while the skipper sailed.,Did the skipper sail the car?,set_2,nonGP_improb,GP_question,No,Yes,skipper,sailed,car,veered
400,While the orchestra performed the symphony played on the radio.,Did the symphony play on the radio?,set_3,GP_prob,simple_question,Yes,No,orchestra,performed,symphony,played
401,While the orchestra performed the symphony played on the radio.,Did the orchestra perform the symphony?,set_3,GP_prob,GP_question,No,Yes,orchestra,performed,symphony,played
402,While the orchestra performed the newsflash played on the radio.,Did the newsflash play on the radio?,set_3,GP_improb,simple_question,Yes,No,orchestra,performed,newsflash,played
403,While the orchestra performed the newsflash played on the radio.,Did the orchestra perform the newsflash?,set_3,GP_improb,GP_question,No,Yes,orchestra,performed,newsflash,played
404,The symphony played on the radio while the orchestra performed.,Did the symphony play on the radio?,set_3,nonGP_prob,simple_question,Yes,No,orchestra,performed,symphony,played
405,The symphony played on the radio while the orchestra performed.,Did the orchestra perform the symphony?,set_3,nonGP_prob,GP_question,No,Yes,orchestra,performed,symphony,played
406,The newsflash played on the radio while the orchestra performed.,Did the newsflash play on the radio?,set_3,nonGP_improb,simple_question,Yes,No,orchestra,performed,newsflash,played
407,The newsflash played on the radio while the orchestra performed.,Did the orchestra perform the newsflash?,set_3,nonGP_improb,GP_question,No,Yes,orchestra,performed,newsflash,played
408,While the bridesmaid ordered the dress got delivered.,Did the dress get delivered?,set_4,GP_prob,simple_question,Yes,No,bridesmaid,ordered,dress,got
409,While the bridesmaid ordered the dress got delivered.,Did the bridesmaid order the dress?,set_4,GP_prob,GP_question,No,Yes,bridesmaid,ordered,dress,got
410,While the bridesmaid ordered the tractor got delivered.,Did the tractor get delivered?,set_4,GP_improb,simple_question,Yes,No,bridesmaid,ordered,tractor,got
411,While the bridesmaid ordered the tractor got delivered.,Did the bridesmaid order the tractor?,set_4,GP_improb,GP_question,No,Yes,bridesmaid,ordered,tractor,got
412,The dress got delivered while the bridesmaid ordered.,Did the dress get delivered?,set_4,nonGP_prob,simple_question,Yes,No,bridesmaid,ordered,dress,got
413,The dress got delivered while the bridesmaid ordered.,Did the bridesmaid order the dress?,set_4,nonGP_prob,GP_question,No,Yes,bridesmaid,ordered,dress,got
414,The tractor got delivered while the bridesmaid ordered.,Did the tractor get delivered?,set_4,nonGP_improb,simple_question,Yes,No,bridesmaid,ordered,tractor,got
415,The tractor got delivered while the bridesmaid ordered.,Did the bridesmaid order the tractor?,set_4,nonGP_improb,GP_question,No,Yes,bridesmaid,ordered,tractor,got
416,While Susan wrote the letter fell off the table.,Did the letter fall off the table?,set_5,GP_prob,simple_question,Yes,No,Susan,wrote,letter,fell
417,While Susan wrote the letter fell off the table.,Did Susan write the letter?,set_5,GP_prob,GP_question,No,Yes,Susan,wrote,letter,fell
418,While Susan wrote the Bible fell off the table.,Did the Bible fall off the table?,set_5,GP_improb,simple_question,Yes,No,Susan,wrote,Bible,fell
419,While Susan wrote the Bible fell off the table.,Did Susan write the Bible?,set_5,GP_improb,GP_question,No,Yes,Susan,wrote,Bible,fell
420,The letter fell off the table while Susan wrote.,Did the letter fall off the table?,set_5,nonGP_prob,simple_question,Yes,No,Susan,wrote,letter,fell
421,The letter fell off the table while Susan wrote.,Did Susan write the letter?,set_5,nonGP_prob,GP_question,No,Yes,Susan,wrote,letter,fell
422,The Bible fell off the table while Susan wrote.,Did the Bible fall off the table?,set_5,nonGP_improb,simple_question,Yes,No,Susan,wrote,Bible,fell
423,The Bible fell off the table while Susan wrote.,Did Susan write the Bible?,set_5,nonGP_improb,GP_question,No,Yes,Susan,wrote,Bible,fell
424,While the farmer steered the tractor pulled the car.,Did the tractor pull the car?,set_6,GP_prob,simple_question,Yes,No,farmer,steered,tractor,pulled
425,While the farmer steered the tractor pulled the car.,Did the farmer steer the tractor?,set_6,GP_prob,GP_question,No,Yes,farmer,steered,tractor,pulled
426,While the farmer steered the tank pulled the car.,Did the tank pull the car?,set_6,GP_improb,simple_question,Yes,No,farmer,steered,tank,pulled
427,While the farmer steered the tank pulled the car.,Did the farmer steer the tank?,set_6,GP_improb,GP_question,No,Yes,farmer,steered,tank,pulled
428,The tractor pulled the car while the farmer steered.,Did the tractor pull the car?,set_6,nonGP_prob,simple_question,Yes,No,farmer,steered,tractor,pulled
429,The tractor pulled the car while the farmer steered.,Did the farmer steer the tractor?,set_6,nonGP_prob,GP_question,No,Yes,farmer,steered,tractor,pulled
430,The tank pulled the car while the farmer steered.,Did the tank pull the car?,set_6,nonGP_improb,simple_question,Yes,No,farmer,steered,tank,pulled
431,The tank pulled the car while the farmer steered.,Did the farmer steer the tank?,set_6,nonGP_improb,GP_question,No,Yes,farmer,steered,tank,pulled
432,While the lawyer studied the contract lay on the roll-top desk.,Did the contract lie on the roll-top desk?,set_7,GP_prob,simple_question,Yes,No,lawyer,studied,contract,lay
433,While the lawyer studied the contract lay on the roll-top desk.,Did the lawyer study the contract?,set_7,GP_prob,GP_question,No,Yes,lawyer,studied,contract,lay
434,While the lawyer studied the cat lay on the roll-top desk.,Did the cat lie on the roll-top desk?,set_7,GP_improb,simple_question,Yes,No,lawyer,studied,cat,lay
435,While the lawyer studied the cat lay on the roll-top desk.,Did the lawyer study the cat?,set_7,GP_improb,GP_question,No,Yes,lawyer,studied,cat,lay
436,The contract lay on the roll-top desk while the lawyer studied.,Did the contract lie on the roll-top desk?,set_7,nonGP_prob,simple_question,Yes,No,lawyer,studied,contract,lay
437,The contract lay on the roll-top desk while the lawyer studied.,Did the lawyer study the contract?,set_7,nonGP_prob,GP_question,No,Yes,lawyer,studied,contract,lay
438,The cat lay on the roll-top desk while the lawyer studied.,Did the cat lie on the roll-top desk?,set_7,nonGP_improb,simple_question,Yes,No,lawyer,studied,cat,lay
439,The cat lay on the roll-top desk while the lawyer studied.,Did the lawyer study the cat?,set_7,nonGP_improb,GP_question,No,Yes,lawyer,studied,cat,lay
440,While the clown juggled the balls fell on the ground.,Did the balls fall on the ground?,set_8,GP_prob,simple_question,Yes,No,clown,juggled,balls,fell
441,While the clown juggled the balls fell on the ground.,Did the clown juggle the balls?,set_8,GP_prob,GP_question,No,Yes,clown,juggled,balls,fell
442,While the clown juggled the cats fell on the ground.,Did the cats fall on the ground?,set_8,GP_improb,simple_question,Yes,No,clown,juggled,cats,fell
443,While the clown juggled the cats fell on the ground.,Did the clown juggle the cats?,set_8,GP_improb,GP_question,No,Yes,clown,juggled,cats,fell
444,The balls fell on the ground while the clown juggled.,Did the balls fall on the ground?,set_8,nonGP_prob,simple_question,Yes,No,clown,juggled,balls,fell
445,The balls fell on the ground while the clown juggled.,Did the clown juggle the balls?,set_8,nonGP_prob,GP_question,No,Yes,clown,juggled,balls,fell
446,The cats fell on the ground while the clown juggled.,Did the cats fall on the ground?,set_8,nonGP_improb,simple_question,Yes,No,clown,juggled,cats,fell
447,The cats fell on the ground while the clown juggled.,Did the clown juggle the cats?,set_8,nonGP_improb,GP_question,No,Yes,clown,juggled,cats,fell
448,While Anne vacuumed the rug lost its colors.,Did the rug lose its colors?,set_9,GP_prob,simple_question,Yes,No,Anne,vacuumed,rug,lost
449,While Anne vacuumed the rug lost its colors.,Did Anne vacuum the rug?,set_9,GP_prob,GP_question,No,Yes,Anne,vacuumed,rug,lost
450,While Anne vacuumed the chameleon lost its colors.,Did the chameleon lose its colors?,set_9,GP_improb,simple_question,Yes,No,Anne,vacuumed,chameleon,lost
451,While Anne vacuumed the chameleon lost its colors.,Did Anne vacuum the chameleon?,set_9,GP_improb,GP_question,No,Yes,Anne,vacuumed,chameleon,lost
452,The rug lost its colors while Anne vacuumed.,Did the rug lose its colors?,set_9,nonGP_prob,simple_question,Yes,No,Anne,vacuumed,rug,lost
453,The rug lost its colors while Anne vacuumed.,Did Anne vacuum the rug?,set_9,nonGP_prob,GP_question,No,Yes,Anne,vacuumed,rug,lost
454,The chameleon lost its colors while Anne vacuumed.,Did the chameleon lose its colors?,set_9,nonGP_improb,simple_question,Yes,No,Anne,vacuumed,chameleon,lost
455,The chameleon lost its colors while Anne vacuumed.,Did Anne vacuum the chameleon?,set_9,nonGP_improb,GP_question,No,Yes,Anne,vacuumed,chameleon,lost
